id;nome;email;data
1;Carlos;carlos@gmail.com;01/07/2020
2;Fernando;fernando@gmail.com;01/07/2020
3;Henrique;henrique@gmail.com;01/07/2020
4;Lucas;lucas@gmail.com;05/07/2020
5;Fabiano;fabiano@gmail.com;05/07/2020
6;Soraia;soraia@gmail.com;05/07/2020
7;Fernanda;fernanda@gmail.com;06/07/2020
8;Karla;karla@gmail.com;06/07/2020
9;Francisca;francisca@gmail.com;06/07/2020
10;Eunice;eunice@gmail.com;09/07/2020
11;Jose;jose@gmail.com;09/07/2020
12;Jose Carlos;jose carlos@gmail.com;09/07/2020
13;Eduardo;eduardo@gmail.com;10/07/2020
14;Kelvin;kelvin@gmail.com;10/07/2020
15;Henrique Lucas;henrique lucas@gmail.com;11/07/2020
16;Gabriel Luca;gabriel luca@gmail.com;11/07/2020
17;William;william@gmail.com;12/07/2020
18;Amanda;amanda@gmail.com;13/07/2020
19;Rafaela;rafaela@gmail.com;14/07/2020
20;Matheus;matheus@gmail.com;14/07/2020
21;Matheus Henrique;matheus henrique@gmail.com;15/07/2020
22;Matheus Eduardo;matheus eduardo@gmail.com;15/07/2020
23;Mateus;mateus@gmail.com;18/07/2020
24;Fernando Henrique;fernando henrique@gmail.com;18/07/2020
25;Luiz;luiz@gmail.com;18/07/2020
26;Antonio;antonio@gmail.com;20/07/2020
27;Severina ;severina@gmail.com;20/07/2020
28;Josefa;josefa@gmail.com;20/07/2020
29;Marcia;marcia@gmail.com;20/07/2020
30;Maciel;maciel@gmail.com;20/07/2020
31;Lula;lula@gmail.com;21/07/2020
32;Jair;jair@gmail.com;21/07/2020
33;Esmael;esmael@gmail.com;21/07/2020
34;Zyad;zyad@gmail.com;21/07/2020
35;Leonardo;leonardo@gmail.com;22/07/2020
36;Francisco Alberto;francisco alberto@gmail.com;23/07/2020
37;Albert;albert@gmail.com;24/07/2020
38;Michael;michael@gmail.com;25/07/2020
39;Travis;travis@gmail.com;26/07/2020
40;Kelly;kelly@gmail.com;27/07/2020
41;Jenner ;jenner@gmail.com;28/07/2020
42;Scott;scott@gmail.com;29/07/2020
43;Drake;drake@gmail.com;30/07/2020
44;Anitta;anitta@gmail.com;30/07/2020
45;Ludmila ;ludmila@gmail.com;07/07/2020
46;Lucas;lucas@gmail.com;07/07/2020
47;Pedro;pedro@gmail.com;06/07/2020
48;Pedro henrique;pedro henrique@gmail.com;04/07/2020
49;Erik;erik@gmail.com;04/07/2020
50;Marcelo;marcelo@gmail.com;02/07/2020
51;Lucy;lucy@gmail.com;02/07/2020
52;Patricia;patricia@gmail.com;02/07/2020
53;Elaine;elaine@gmail.com;13/07/2020
54;Eliane;eliane@gmail.com;13/07/2020
